label,landmark_0_x,landmark_0_y,landmark_0_z,landmark_1_x,landmark_1_y,landmark_1_z,landmark_2_x,landmark_2_y,landmark_2_z,landmark_3_x,landmark_3_y,landmark_3_z,landmark_4_x,landmark_4_y,landmark_4_z,landmark_5_x,landmark_5_y,landmark_5_z,landmark_6_x,landmark_6_y,landmark_6_z,landmark_7_x,landmark_7_y,landmark_7_z,landmark_8_x,landmark_8_y,landmark_8_z,landmark_9_x,landmark_9_y,landmark_9_z,landmark_10_x,landmark_10_y,landmark_10_z,landmark_11_x,landmark_11_y,landmark_11_z,landmark_12_x,landmark_12_y,landmark_12_z,landmark_13_x,landmark_13_y,landmark_13_z,landmark_14_x,landmark_14_y,landmark_14_z,landmark_15_x,landmark_15_y,landmark_15_z,landmark_16_x,landmark_16_y,landmark_16_z,landmark_17_x,landmark_17_y,landmark_17_z,landmark_18_x,landmark_18_y,landmark_18_z,landmark_19_x,landmark_19_y,landmark_19_z,landmark_20_x,landmark_20_y,landmark_20_z
a,0.45927417278289795,0.5647495985031128,-4.7462694396926963e-07,0.5492130517959595,0.5278285145759583,-0.030793460085988045,0.6045236587524414,0.4619111716747284,-0.03618202731013298,0.6275885105133057,0.4129193425178528,-0.04160863161087036,0.6665340065956116,0.38066887855529785,-0.04240894690155983,0.5314964056015015,0.4369857609272003,-0.00392206571996212,0.5511718392372131,0.40510112047195435,-0.047969087958335876,0.5437319278717041,0.44437098503112793,-0.07048320025205612,0.5336808562278748,0.4789563715457916,-0.07539686560630798,0.4725498557090759,0.44226720929145813,-0.0023134087678045034,0.48834314942359924,0.40815362334251404,-0.05470512434840202,0.48893433809280396,0.4602290689945221,-0.06621105968952179,0.4866572320461273,0.4986002445220947,-0.05816487967967987,0.41571512818336487,0.45364195108413696,-0.008985554799437523,0.4286380410194397,0.4205251634120941,-0.06020234897732735,0.4442897439002991,0.4712557792663574,-0.04804878681898117,0.4484410583972931,0.5066035985946655,-0.022634360939264297,0.3571072518825531,0.4679758846759796,-0.017969587817788124,0.37641653418540955,0.4421240985393524,-0.04957485944032669,0.3969677686691284,0.4729979336261749,-0.03640356287360191,0.4014941453933716,0.4947265088558197,-0.015894917771220207
a,0.2352316975593567,0.7331429719924927,-4.2779024056471826e-07,0.3387129008769989,0.6942511796951294,-0.0352594256401062,0.4192504584789276,0.5823709964752197,-0.048271115869283676,0.44053640961647034,0.4631924331188202,-0.061493150889873505,0.4563756287097931,0.36690086126327515,-0.07084370404481888,0.3701351284980774,0.4464452862739563,-0.017467709258198738,0.38949739933013916,0.38503000140190125,-0.07318868488073349,0.3803131580352783,0.4774366617202759,-0.10722290724515915,0.3706319034099579,0.5624676942825317,-0.11965693533420563,0.30045050382614136,0.44248872995376587,-0.019687114283442497,0.32503578066825867,0.35754141211509705,-0.08048379421234131,0.3246685564517975,0.47565487027168274,-0.10033268481492996,0.32134008407592773,0.5736119747161865,-0.09827864915132523,0.23061294853687286,0.45601561665534973,-0.029929369688034058,0.25094884634017944,0.3789669871330261,-0.0928562581539154,0.2661539316177368,0.5005407333374023,-0.0897011011838913,0.2724584937095642,0.5917835831642151,-0.06933211535215378,0.1591356098651886,0.4849812984466553,-0.04229407012462616,0.18613716959953308,0.43448305130004883,-0.08818180859088898,0.21222279965877533,0.5203522443771362,-0.08333670347929001,0.22462067008018494,0.5903295278549194,-0.06661459058523178
a,0.31297773122787476,0.43001437187194824,-8.388506671508367e-07,0.43161115050315857,0.3871905207633972,-0.026403073221445084,0.49812746047973633,0.327080100774765,-0.034686379134655,0.5232865214347839,0.2651691734790802,-0.04821816459298134,0.5255308151245117,0.21256451308727264,-0.05508667603135109,0.4492207467556,0.26416289806365967,0.011693419888615608,0.45547401905059814,0.21137310564517975,-0.045081816613674164,0.4452176094055176,0.2580338716506958,-0.07726289331912994,0.43221330642700195,0.2934088408946991,-0.08660447597503662,0.38253098726272583,0.25899994373321533,0.005373275838792324,0.3923663794994354,0.20256051421165466,-0.053737007081508636,0.3925850987434387,0.26387035846710205,-0.06896967440843582,0.3865574300289154,0.3007635772228241,-0.06279964745044708,0.31411269307136536,0.26147428154945374,-0.010723594576120377,0.3176405131816864,0.19888854026794434,-0.06941214948892593,0.33194488286972046,0.2592248320579529,-0.053179387003183365,0.3326212763786316,0.29829156398773193,-0.023347653448581696,0.2397840917110443,0.27244552969932556,-0.02962067723274231,0.2457442581653595,0.22248341143131256,-0.0701809674501419,0.27191630005836487,0.2621137201786041,-0.0551488883793354,0.28171420097351074,0.2938767671585083,-0.030152076855301857
a,0.15892159938812256,0.669712483882904,-5.742962230215198e-07,0.24229024350643158,0.635007381439209,-0.04021386057138443,0.3165099620819092,0.5625624060630798,-0.050830431282520294,0.36048829555511475,0.5085176825523376,-0.05530080199241638,0.4089512825012207,0.4777638614177704,-0.04940403997898102,0.2623891830444336,0.49916550517082214,-0.020832989364862442,0.28778114914894104,0.4893440902233124,-0.053332772105932236,0.2678874433040619,0.5436781048774719,-0.06614486873149872,0.24777379631996155,0.5435006618499756,-0.07354641705751419,0.1989682912826538,0.49361735582351685,-0.01446584239602089,0.22057189047336578,0.4938763678073883,-0.04777945578098297,0.22032685577869415,0.5547897815704346,-0.049918435513973236,0.2134416699409485,0.5461294054985046,-0.046620018780231476,0.14282254874706268,0.5048456788063049,-0.015376551076769829,0.15809978544712067,0.5148206353187561,-0.04772387072443962,0.17416584491729736,0.5657220482826233,-0.034223880618810654,0.17217865586280823,0.5578574538230896,-0.020774932578206062,0.09619967639446259,0.5196042060852051,-0.020104922354221344,0.10646641254425049,0.534507691860199,-0.033783502876758575,0.12532278895378113,0.5678837299346924,-0.020692983642220497,0.1240890845656395,0.5648418664932251,-0.00856240838766098
a,0.4334520697593689,0.7117984294891357,-1.3087822026136564e-06,0.6218596696853638,0.6569212675094604,-0.04291507229208946,0.7341135144233704,0.5513222813606262,-0.05122342333197594,0.7656227350234985,0.4430985450744629,-0.06456673890352249,0.8002422451972961,0.3602815270423889,-0.070097416639328,0.6535643935203552,0.4550459086894989,0.008158943615853786,0.6854780912399292,0.37624627351760864,-0.06661805510520935,0.6465468406677246,0.4565846920013428,-0.10542457550764084,0.6089010238647461,0.5222518444061279,-0.11666489392518997,0.5497617125511169,0.4489092230796814,0.004387266933917999,0.5783512592315674,0.382621705532074,-0.08379357308149338,0.5469173192977905,0.49186277389526367,-0.10746000707149506,0.5243786573410034,0.5530989170074463,-0.1011836901307106,0.4481074810028076,0.45724499225616455,-0.012592642568051815,0.4788132905960083,0.39317452907562256,-0.10121836513280869,0.47023582458496094,0.5017468333244324,-0.08086458593606949,0.45960021018981934,0.558470606803894,-0.04102233052253723,0.3393338620662689,0.477668821811676,-0.032735299319028854,0.379505455493927,0.42455053329467773,-0.08381091058254242,0.3964998722076416,0.4998144209384918,-0.05862968787550926,0.39708125591278076,0.5402647256851196,-0.024202274158596992
b,0.5073955655097961,0.5913862586021423,8.241172508860473e-07,0.5832587480545044,0.5596641302108765,-0.051078785210847855,0.6063408255577087,0.4997650980949402,-0.06661281734704971,0.5187691450119019,0.4621405601501465,-0.07730819284915924,0.43839430809020996,0.4482596218585968,-0.08573609590530396,0.6258742809295654,0.42161667346954346,-0.017506180331110954,0.6424679160118103,0.35210663080215454,-0.03854936733841896,0.6456578969955444,0.3095136880874634,-0.06034829467535019,0.6393053531646729,0.2738215923309326,-0.07713227719068527,0.5616889595985413,0.4156216084957123,-0.015440654009580612,0.582378089427948,0.34551292657852173,-0.031105775386095047,0.5868633389472961,0.3011974096298218,-0.05269225314259529,0.5850386619567871,0.26519832015037537,-0.06844650954008102,0.5037831664085388,0.4239853322505951,-0.021660421043634415,0.5169327855110168,0.3590310513973236,-0.04022170230746269,0.5285392999649048,0.3193964958190918,-0.06053129956126213,0.5344918370246887,0.28618067502975464,-0.07371578365564346,0.44324007630348206,0.44259658455848694,-0.03367353975772858,0.4477769732475281,0.3889835476875305,-0.05089385807514191,0.4527248442173004,0.3570893406867981,-0.058726150542497635,0.4579229950904846,0.32682591676712036,-0.0635216161608696
b,0.1530720740556717,0.7797566652297974,3.79730181521154e-07,0.2094092071056366,0.7428948283195496,-0.02592199482023716,0.24559703469276428,0.6719821691513062,-0.0361814983189106,0.22585764527320862,0.6029337048530579,-0.04444827139377594,0.18694809079170227,0.570357620716095,-0.05314544215798378,0.24288490414619446,0.5722102522850037,-0.018756574019789696,0.2583574056625366,0.4803287982940674,-0.03698352351784706,0.26308536529541016,0.4220955967903137,-0.05335936322808266,0.26515698432922363,0.371753990650177,-0.06499699503183365,0.20370696485042572,0.5553609728813171,-0.020498821511864662,0.21974098682403564,0.4542633891105652,-0.035240236669778824,0.22557875514030457,0.3863038420677185,-0.050217583775520325,0.2283695638179779,0.3287571370601654,-0.060870155692100525,0.16607093811035156,0.5584292411804199,-0.025691598653793335,0.17465732991695404,0.46236416697502136,-0.040378034114837646,0.1794459968805313,0.4022998809814453,-0.05250778794288635,0.18238060176372528,0.35270726680755615,-0.060413919389247894,0.12437485158443451,0.5765876770019531,-0.03357652202248573,0.1304265558719635,0.5027534365653992,-0.046344030648469925,0.13734477758407593,0.4555581212043762,-0.051263898611068726,0.14314444363117218,0.4141712784767151,-0.05417811870574951
b,0.25144892930984497,0.43643641471862793,4.21032865460802e-07,0.3568221926689148,0.4039168059825897,-0.038285959511995316,0.4145013988018036,0.34668588638305664,-0.05089227855205536,0.40559783577919006,0.29920494556427,-0.06348086148500443,0.3461828827857971,0.279570609331131,-0.07827257364988327,0.3307235538959503,0.2517002820968628,-0.023425227031111717,0.31962502002716064,0.17911270260810852,-0.056412916630506516,0.3053903579711914,0.13410460948944092,-0.08720032125711441,0.2871689796447754,0.09378953278064728,-0.1109464019536972,0.27250340580940247,0.24583031237125397,-0.03400551155209541,0.2593618631362915,0.16174212098121643,-0.06776733696460724,0.24222290515899658,0.10444191098213196,-0.10190024226903915,0.22170093655586243,0.05615946650505066,-0.12602370977401733,0.21673420071601868,0.25567635893821716,-0.05076809599995613,0.1985420286655426,0.17346414923667908,-0.08562343567609787,0.18685650825500488,0.11917596310377121,-0.1165962964296341,0.17149236798286438,0.07167483866214752,-0.1361699402332306,0.15602371096611023,0.27878323197364807,-0.07154199481010437,0.14170609414577484,0.211229607462883,-0.1059705913066864,0.13413843512535095,0.16636565327644348,-0.12591451406478882,0.12528206408023834,0.12459152936935425,-0.13843828439712524
b,0.19502153992652893,0.6878840923309326,4.129073261083249e-07,0.2645353078842163,0.6713321208953857,-0.04289385676383972,0.32302138209342957,0.6148829460144043,-0.057326748967170715,0.2903684973716736,0.5543462038040161,-0.06727492064237595,0.23580966889858246,0.5263780951499939,-0.07614090293645859,0.34314584732055664,0.5292897820472717,-0.02489609643816948,0.3610551953315735,0.4590192437171936,-0.046343762427568436,0.3663547933101654,0.4150678217411041,-0.06726490706205368,0.3667635917663574,0.37696772813796997,-0.08348288387060165,0.2935633957386017,0.5116207599639893,-0.0239849966019392,0.31661126017570496,0.4370634853839874,-0.042180467396974564,0.3264077305793762,0.3861793875694275,-0.06288335472345352,0.3292224407196045,0.34453192353248596,-0.07734180986881256,0.24545276165008545,0.5125745534896851,-0.028677163645625114,0.2626512050628662,0.4424523711204529,-0.04786102846264839,0.2751140296459198,0.398213267326355,-0.06547163426876068,0.28110483288764954,0.36051368713378906,-0.07656611502170563,0.19171753525733948,0.52628093957901,-0.037948448210954666,0.20839151740074158,0.46849995851516724,-0.05687195062637329,0.21723592281341553,0.4328685998916626,-0.06525902450084686,0.22171252965927124,0.4006883203983307,-0.06964854896068573
c,0.3864314556121826,0.5415688753128052,7.810971851540671e-07,0.49907466769218445,0.5108683109283447,0.034443940967321396,0.570881724357605,0.4803946018218994,0.01466855127364397,0.6422133445739746,0.4773118495941162,-0.024040736258029938,0.7189846038818359,0.4757535457611084,-0.06939330697059631,0.47898468375205994,0.3942311108112335,-0.009066181257367134,0.5036601424217224,0.3277463912963867,-0.059455182403326035,0.5669400095939636,0.305144339799881,-0.09663326293230057,0.633921205997467,0.2993626594543457,-0.12104757875204086,0.45194756984710693,0.40037888288497925,-0.06838960200548172,0.4825213849544525,0.3207434117794037,-0.12228186428546906,0.5689936876296997,0.29866889119148254,-0.1610150933265686,0.6482253074645996,0.30390357971191406,-0.18436145782470703,0.4338670074939728,0.4175055921077728,-0.12737949192523956,0.46789786219596863,0.3352840542793274,-0.16865825653076172,0.5477384328842163,0.30841919779777527,-0.1950342059135437,0.6190441846847534,0.30108410120010376,-0.21119536459445953,0.43487125635147095,0.4437849521636963,-0.1842678189277649,0.4702482223510742,0.3823642432689667,-0.21813005208969116,0.5153560638427734,0.3443223237991333,-0.23689261078834534,0.5571013689041138,0.31920045614242554,-0.24948634207248688
c,0.26459652185440063,0.8101028800010681,6.89149771915254e-07,0.34746602177619934,0.7963052988052368,-0.007260904647409916,0.42384156584739685,0.7242286205291748,-0.015792790800333023,0.47371602058410645,0.669380784034729,-0.030532345175743103,0.5214806795120239,0.6234094500541687,-0.04311339557170868,0.3388233482837677,0.5272347927093506,0.01095296535640955,0.36226415634155273,0.3896884024143219,-0.017441535368561745,0.42369383573532104,0.3655330538749695,-0.04039138928055763,0.47912096977233887,0.3810621500015259,-0.05171600729227066,0.31445515155792236,0.5169386863708496,-0.0022059413604438305,0.35003408789634705,0.37028956413269043,-0.02847929112613201,0.42259451746940613,0.3537168502807617,-0.048654187470674515,0.48067641258239746,0.3844797611236572,-0.057970672845840454,0.29454565048217773,0.5241988301277161,-0.01995331607758999,0.34482210874557495,0.3946334719657898,-0.047833558171987534,0.4233973026275635,0.3751845955848694,-0.06280802935361862,0.48630577325820923,0.39736080169677734,-0.06631192564964294,0.28215035796165466,0.5518938302993774,-0.039047472178936005,0.3476957678794861,0.45289161801338196,-0.06369480490684509,0.41502127051353455,0.4262060523033142,-0.07284365594387054,0.4697648286819458,0.43317314982414246,-0.07334600389003754
c,0.29979217052459717,0.431410014629364,4.0769282350083813e-07,0.41247302293777466,0.4070075750350952,-0.01547231525182724,0.5084551572799683,0.3698292374610901,-0.03648950532078743,0.5851133465766907,0.35025280714035034,-0.06629111617803574,0.6390459537506104,0.32746538519859314,-0.09816066920757294,0.4355136454105377,0.2735098600387573,-0.0032825260423123837,0.46814921498298645,0.21226602792739868,-0.04856963828206062,0.5216415524482727,0.1931954324245453,-0.09124043583869934,0.5735227465629578,0.19269105792045593,-0.11744698882102966,0.3952317535877228,0.2674444317817688,-0.025220055133104324,0.43266427516937256,0.19504959881305695,-0.07127466797828674,0.4979109764099121,0.1818934977054596,-0.11846646666526794,0.5573006868362427,0.19303786754608154,-0.14789006114006042,0.3514280319213867,0.27211427688598633,-0.05202150717377663,0.38123559951782227,0.2003815919160843,-0.09203731268644333,0.44973069429397583,0.1854815036058426,-0.12658265233039856,0.5122599601745605,0.1943400800228119,-0.14614345133304596,0.30788737535476685,0.28667178750038147,-0.08091294765472412,0.3458959758281708,0.23047339916229248,-0.11449334025382996,0.40005725622177124,0.20335239171981812,-0.13557492196559906,0.45541056990623474,0.19315338134765625,-0.14784258604049683
c,0.1278502345085144,0.6718807220458984,4.529140937847842e-07,0.21162201464176178,0.667945146560669,-0.020152181386947632,0.29253607988357544,0.6223767399787903,-0.03551366180181503,0.35406672954559326,0.5931167602539062,-0.05436306074261665,0.411202609539032,0.5746771693229675,-0.07413934171199799,0.27228444814682007,0.5136070251464844,-0.016622275114059448,0.29697537422180176,0.44888821244239807,-0.0526660718023777,0.34369295835494995,0.4330343008041382,-0.08313734829425812,0.3884738087654114,0.43761229515075684,-0.10212816298007965,0.24035917222499847,0.5080026388168335,-0.03024594858288765,0.2654426395893097,0.43159738183021545,-0.0667777881026268,0.3254992663860321,0.41717618703842163,-0.09804129600524902,0.37831613421440125,0.43056637048721313,-0.11668280512094498,0.20641452074050903,0.5167072415351868,-0.04832114279270172,0.2286641001701355,0.439062237739563,-0.08311095088720322,0.2867870330810547,0.4243410527706146,-0.10736281424760818,0.339932918548584,0.4332442879676819,-0.12003478407859802,0.17199555039405823,0.5379477143287659,-0.06851380318403244,0.20172208547592163,0.4774298071861267,-0.09953305870294571,0.24787504971027374,0.45096737146377563,-0.11748623847961426,0.294313907623291,0.44183358550071716,-0.12741447985172272
c,0.33859413862228394,0.6670860052108765,5.702886483049951e-07,0.4899718165397644,0.6418688297271729,0.003537129145115614,0.6333180665969849,0.5762953758239746,-0.01829812116920948,0.743256151676178,0.5570716857910156,-0.05613042414188385,0.8449512720108032,0.5432853698730469,-0.09719652682542801,0.5643283724784851,0.3882730007171631,-0.005996313411742449,0.6349111199378967,0.2752245366573334,-0.06655635684728622,0.7277342677116394,0.2651950716972351,-0.11770994961261749,0.8092527389526367,0.2865479588508606,-0.15047262609004974,0.5039442181587219,0.38069191575050354,-0.0520971454679966,0.5808441042900085,0.2420993149280548,-0.1183810606598854,0.696129560470581,0.239366352558136,-0.17489531636238098,0.7841165065765381,0.2786219120025635,-0.20845718681812286,0.44393014907836914,0.3938220739364624,-0.1026211753487587,0.5144603252410889,0.2547684609889984,-0.16533567011356354,0.6356122493743896,0.24625226855278015,-0.21231792867183685,0.7326613068580627,0.2756770849227905,-0.23787273466587067,0.39777469635009766,0.428365021944046,-0.15344159305095673,0.4955590069293976,0.33916154503822327,-0.2136026918888092,0.6014535427093506,0.31788384914398193,-0.249685600399971,0.6943754553794861,0.3254084587097168,-0.2700745761394501
d,0.5322475433349609,0.5395498871803284,7.662911798433925e-07,0.6141383051872253,0.4954044222831726,0.0003149419790133834,0.6624356508255005,0.436490535736084,-0.010127849876880646,0.708013653755188,0.3969924747943878,-0.032896608114242554,0.7571132183074951,0.3635598123073578,-0.054743170738220215,0.54800945520401,0.3735755980014801,0.017451662570238113,0.546930193901062,0.3118947744369507,-0.003921791911125183,0.5355453491210938,0.2705380916595459,-0.020674288272857666,0.5209686756134033,0.23538684844970703,-0.03496692329645157,0.5017063617706299,0.37724053859710693,-0.014974850229918957,0.496663898229599,0.30154991149902344,-0.04790697246789932,0.5070690512657166,0.25132817029953003,-0.07255542278289795,0.5140247941017151,0.21407906711101532,-0.08776026964187622,0.46683523058891296,0.3922542631626129,-0.051504623144865036,0.5117251873016357,0.32573190331459045,-0.10636366158723831,0.6029248237609863,0.327218234539032,-0.1253879964351654,0.6688153743743896,0.3404622972011566,-0.12589894235134125,0.4523172974586487,0.41242966055870056,-0.08820252120494843,0.5219383835792542,0.36106622219085693,-0.1344267874956131,0.5957512259483337,0.3470379412174225,-0.14792846143245697,0.6533868908882141,0.3424537479877472,-0.15007498860359192
d,0.2760404944419861,0.9152138233184814,3.6979616879762034e-07,0.38982272148132324,0.8202766180038452,-0.0012971863616257906,0.452350914478302,0.7239530086517334,-0.026879573240876198,0.5078210830688477,0.6600461602210999,-0.060800764709711075,0.5599352717399597,0.6143651008605957,-0.0944269672036171,0.3137385845184326,0.5243357419967651,-0.04097239673137665,0.3557221293449402,0.38400304317474365,-0.0825095847249031,0.3747815489768982,0.28055837750434875,-0.11120501160621643,0.382450670003891,0.19365784525871277,-0.13302481174468994,0.2782440185546875,0.5510755777359009,-0.07068606466054916,0.42414551973342896,0.46917274594306946,-0.13051776587963104,0.4952165186405182,0.5459151864051819,-0.14636607468128204,0.5176506042480469,0.6180964708328247,-0.14703255891799927,0.2741463780403137,0.6160192489624023,-0.09955121576786041,0.4175892174243927,0.5433936715126038,-0.15208333730697632,0.4900558590888977,0.6064074039459229,-0.141140416264534,0.5167985558509827,0.6707346439361572,-0.12263121455907822,0.2913608253002167,0.6957447528839111,-0.129087433218956,0.3984549045562744,0.6337307691574097,-0.1584412306547165,0.4583771228790283,0.656417727470398,-0.14457274973392487,0.4884151816368103,0.6912921667098999,-0.12807950377464294
d,0.3321799039840698,0.5105206966400146,2.6164113364757213e-07,0.44065171480178833,0.47002333402633667,0.0092394994571805,0.508078396320343,0.41462019085884094,0.0051192715764045715,0.5616192817687988,0.3685030937194824,-0.017534175887703896,0.5531414747238159,0.3211829662322998,-0.04014355316758156,0.3934406638145447,0.3337218761444092,0.05815431475639343,0.37773069739341736,0.25907421112060547,0.04622839391231537,0.37857678532600403,0.20946303009986877,0.03156905993819237,0.3612515926361084,0.16915075480937958,0.016256244853138924,0.3587858974933624,0.33105629682540894,0.02037757821381092,0.3842027187347412,0.25229206681251526,-0.02179468423128128,0.47957703471183777,0.27292364835739136,-0.04894839972257614,0.5167638063430786,0.30766066908836365,-0.0560736320912838,0.3259505033493042,0.3355558514595032,-0.021847467869520187,0.3705974519252777,0.25888025760650635,-0.06678049266338348,0.46729615330696106,0.2918592095375061,-0.07114769518375397,0.4979825019836426,0.33555495738983154,-0.06013915687799454,0.3008009195327759,0.34861689805984497,-0.06562510132789612,0.3487113416194916,0.2820683419704437,-0.10083150863647461,0.4302922189235687,0.2933075726032257,-0.10130327194929123,0.4685281217098236,0.32493042945861816,-0.09307651966810226
d,0.3805529773235321,0.8755630850791931,7.867985232223873e-07,0.5735188722610474,0.8200500011444092,0.04686381295323372,0.6861143112182617,0.7041417360305786,0.029571304097771645,0.7955791354179382,0.6330238580703735,-0.022159496322274208,0.9097957611083984,0.567356526851654,-0.08499051630496979,0.5814096927642822,0.5416011810302734,0.02003309316933155,0.663246214389801,0.3927960991859436,-0.031202806159853935,0.720845103263855,0.3053133487701416,-0.07312166690826416,0.7472063302993774,0.22715425491333008,-0.11600803583860397,0.5082626342773438,0.5443693995475769,-0.07390199601650238,0.6444717645645142,0.3951006829738617,-0.18373554944992065,0.8171679973602295,0.4436802268028259,-0.2545543313026428,0.910964846611023,0.5112446546554565,-0.2905256450176239,0.44704824686050415,0.5692907571792603,-0.16679611802101135,0.5750680565834045,0.42739954590797424,-0.27239030599594116,0.7379644513130188,0.48094332218170166,-0.3061680197715759,0.8277809023857117,0.5493543148040771,-0.314115047454834,0.404827356338501,0.6202619671821594,-0.2567795217037201,0.5428557991981506,0.5234421491622925,-0.35198289155960083,0.6909648776054382,0.5241009593009949,-0.390211820602417,0.7898673415184021,0.546079695224762,-0.4097496569156647
e,0.5198339819908142,0.5599189400672913,2.6217071180667517e-08,0.6046937108039856,0.5349544882774353,-0.039573684334754944,0.6348468661308289,0.46941038966178894,-0.049146201461553574,0.5486336946487427,0.4409083127975464,-0.06075764819979668,0.4564281702041626,0.45993772149086,-0.0700860470533371,0.6246941685676575,0.39602571725845337,-0.0008315626182593405,0.6203199625015259,0.3273877799510956,-0.03810509294271469,0.6345534920692444,0.34051811695098877,-0.07246261835098267,0.6354867219924927,0.37485769391059875,-0.09056831896305084,0.5551918148994446,0.39327484369277954,-0.004019113257527351,0.5427724123001099,0.3149740397930145,-0.03968650475144386,0.5608659386634827,0.3331562876701355,-0.07807349413633347,0.5659054517745972,0.3704529404640198,-0.09729614853858948,0.49284034967422485,0.4014872610569,-0.01540201436728239,0.4770847260951996,0.33304691314697266,-0.0449073351919651,0.49661606550216675,0.348105251789093,-0.07796837389469147,0.5000984072685242,0.3825097680091858,-0.0929546132683754,0.43236398696899414,0.4177967309951782,-0.031097006052732468,0.4182063639163971,0.3626843988895416,-0.04910415783524513,0.43846336007118225,0.36610549688339233,-0.06343583017587662,0.45068472623825073,0.38942235708236694,-0.07137291878461838
e,0.2739356458187103,0.7890416383743286,5.447911988198939e-08,0.3741312325000763,0.784924328327179,-0.050930917263031006,0.469296932220459,0.7325599193572998,-0.08303946256637573,0.5030554533004761,0.6712914705276489,-0.11539237946271896,0.4519176185131073,0.6415382623672485,-0.14633066952228546,0.39687567949295044,0.4570256471633911,-0.04515039175748825,0.39763152599334717,0.2982487380504608,-0.10169020295143127,0.40915095806121826,0.3052379786968231,-0.14700132608413696,0.41733014583587646,0.37519174814224243,-0.1682058423757553,0.3227475881576538,0.44579142332077026,-0.04646024480462074,0.31109189987182617,0.26765698194503784,-0.09627065062522888,0.3264033794403076,0.296250581741333,-0.1326635479927063,0.34017738699913025,0.382813423871994,-0.14954610168933868,0.2537350356578827,0.4632902443408966,-0.054649461060762405,0.23670876026153564,0.3040371239185333,-0.09466656297445297,0.2542397975921631,0.33514848351478577,-0.1130235344171524,0.26951634883880615,0.4130265414714813,-0.11764666438102722,0.18528755009174347,0.5037827491760254,-0.06804955005645752,0.17207248508930206,0.38858792185783386,-0.09434744715690613,0.1852082908153534,0.4053571820259094,-0.0988738015294075,0.19805265963077545,0.46068742871284485,-0.09675794094800949
e,0.17448343336582184,0.42782172560691833,-4.2349154227849795e-07,0.2774607241153717,0.41614773869514465,-0.05164195969700813,0.35505008697509766,0.37710076570510864,-0.07609552890062332,0.2680734694004059,0.3421887755393982,-0.09673765301704407,0.16293981671333313,0.3428323268890381,-0.11234815418720245,0.3467259407043457,0.301598459482193,-0.027633702382445335,0.3788871169090271,0.25553640723228455,-0.0721253976225853,0.350803941488266,0.29634425044059753,-0.09999418258666992,0.3299098610877991,0.3261125683784485,-0.11162281036376953,0.2851642966270447,0.2861816883087158,-0.022328495979309082,0.3207668662071228,0.2325776219367981,-0.06719908863306046,0.2971598505973816,0.28277352452278137,-0.08255967497825623,0.2781389057636261,0.31788063049316406,-0.08002036064863205,0.2254783809185028,0.2802053987979889,-0.0248421523720026,0.2472894787788391,0.21861578524112701,-0.06838029623031616,0.23756617307662964,0.2727263569831848,-0.06193741783499718,0.2258291244506836,0.311174213886261,-0.04380468651652336,0.15643925964832306,0.28375136852264404,-0.031546708196401596,0.17665863037109375,0.24236665666103363,-0.06117735803127289,0.17995518445968628,0.2836315631866455,-0.04820799455046654,0.17591631412506104,0.31881648302078247,-0.029517630115151405
e,0.193471759557724,0.6096826195716858,-1.7020058251659975e-08,0.24544312059879303,0.5965403914451599,-0.015679609030485153,0.2785191535949707,0.562561571598053,-0.016609719023108482,0.2821810245513916,0.5280495285987854,-0.017416730523109436,0.24847351014614105,0.5199338793754578,-0.016096465289592743,0.2384878396987915,0.5121715664863586,0.0003763004206120968,0.2393958568572998,0.4740000367164612,-0.014897177927196026,0.2500773072242737,0.4847642183303833,-0.02746427059173584,0.24934601783752441,0.5081474781036377,-0.03310854732990265,0.20733214914798737,0.5109606385231018,0.0017127443570643663,0.1993175595998764,0.4682639241218567,-0.015348612330853939,0.2127116322517395,0.48605048656463623,-0.028317566961050034,0.2171705812215805,0.508561909198761,-0.0332806333899498,0.17622481286525726,0.5172998905181885,0.0003523473278619349,0.16588452458381653,0.47801584005355835,-0.014299239963293076,0.18079151213169098,0.4902091920375824,-0.01909022592008114,0.18841908872127533,0.5135431289672852,-0.018202636390924454,0.14438708126544952,0.5306791067123413,-0.0025588481221348047,0.13613949716091156,0.49885547161102295,-0.014233739115297794,0.1488429307937622,0.5028850436210632,-0.017012067139148712,0.15840303897857666,0.5194175839424133,-0.01596873253583908
f,0.3552095890045166,0.4313034415245056,3.491016684620263e-07,0.46589040756225586,0.42052161693573,-0.058203037828207016,0.5523386597633362,0.37861883640289307,-0.08560290187597275,0.5954816341400146,0.3281920850276947,-0.11217347532510757,0.6166042685508728,0.2830375134944916,-0.13367950916290283,0.5272751450538635,0.297305703163147,-0.022587405517697334,0.5740789175033569,0.25425392389297485,-0.08576495945453644,0.5749179720878601,0.2719130516052246,-0.13433092832565308,0.5588017702102661,0.29839104413986206,-0.15576191246509552,0.4694577157497406,0.2751683294773102,-0.021496281027793884,0.5127048492431641,0.20581965148448944,-0.054589178413152695,0.5345625877380371,0.16119849681854248,-0.0831206738948822,0.5510558485984802,0.11796766519546509,-0.10178038477897644,0.40772154927253723,0.2699907422065735,-0.03455077111721039,0.42996808886528015,0.19965305924415588,-0.07343871891498566,0.44567394256591797,0.15383127331733704,-0.1023123487830162,0.45724374055862427,0.11348479986190796,-0.11783913522958755,0.336050808429718,0.2800087034702301,-0.053525328636169434,0.3332408666610718,0.22058916091918945,-0.08629126846790314,0.3313218355178833,0.18120330572128296,-0.10067908465862274,0.33002081513404846,0.14450828731060028,-0.10761694610118866
f,0.5763444304466248,0.5792031288146973,3.7382275763775397e-07,0.6679494976997375,0.5367486476898193,-0.02784155122935772,0.7214415669441223,0.4703305959701538,-0.042359765619039536,0.7639322876930237,0.4186258912086487,-0.061883121728897095,0.8026992082595825,0.38050585985183716,-0.07827214151620865,0.6252655982971191,0.4189087152481079,-0.0006258023786358535,0.6724652647972107,0.3812973201274872,-0.06229957565665245,0.7254928350448608,0.39377355575561523,-0.11449610441923141,0.7606992721557617,0.4126940965652466,-0.1400962769985199,0.5697187185287476,0.408208966255188,-0.017526986077427864,0.5640380382537842,0.3299414813518524,-0.051783908158540726,0.5635191798210144,0.275698721408844,-0.08459888398647308,0.5571094155311584,0.22989694774150848,-0.106766477227211,0.5137966871261597,0.4151558578014374,-0.044772304594516754,0.4926174283027649,0.3454191982746124,-0.07994329929351807,0.4866689443588257,0.30001890659332275,-0.10102962702512741,0.4787370562553406,0.2600451111793518,-0.11164115369319916,0.4608471691608429,0.4358322024345398,-0.07607194036245346,0.43839025497436523,0.3826424181461334,-0.09589432179927826,0.4271557331085205,0.34772974252700806,-0.09283027052879333,0.41797083616256714,0.315836101770401,-0.08908113092184067
g,0.5788953900337219,0.594086766242981,-3.0520391192112584e-07,0.6596693992614746,0.5526150465011597,-0.03570578992366791,0.6933197975158691,0.47150731086730957,-0.04911024495959282,0.7196129560470581,0.40785545110702515,-0.06289344280958176,0.7680783271789551,0.36999714374542236,-0.07616875320672989,0.6394373178482056,0.4148558974266052,-0.06085425242781639,0.6235937476158142,0.33654549717903137,-0.10630162805318832,0.6048893928527832,0.28448009490966797,-0.12631574273109436,0.5871729850769043,0.24095742404460907,-0.1395944505929947,0.5556408166885376,0.41692373156547546,-0.064777672290802,0.5815301537513733,0.4137859046459198,-0.14896158874034882,0.6023484468460083,0.47041815519332886,-0.1558837741613388,0.6190619468688965,0.5155272483825684,-0.13814055919647217,0.48710185289382935,0.43318307399749756,-0.07217229902744293,0.5357622504234314,0.4603443145751953,-0.14486944675445557,0.5643132925033569,0.5118986964225769,-0.12847720086574554,0.5844696164131165,0.5478801131248474,-0.09659232944250107,0.4278808832168579,0.458883672952652,-0.08444681763648987,0.48282694816589355,0.48913225531578064,-0.13196083903312683,0.5220730900764465,0.5281203985214233,-0.12720505893230438,0.5507656335830688,0.550310492515564,-0.1087208241224289
g,0.39264750480651855,0.8332855701446533,1.4251703817080852e-07,0.4674990773200989,0.7934130430221558,-0.04499530792236328,0.5225115418434143,0.7021958827972412,-0.07507528364658356,0.5247406363487244,0.6224755048751831,-0.10544036328792572,0.47510457038879395,0.5780039429664612,-0.13646955788135529,0.46193695068359375,0.4875163435935974,-0.053566910326480865,0.45604273676872253,0.323394775390625,-0.09318660199642181,0.450935423374176,0.2287929356098175,-0.11822070926427841,0.4423809051513672,0.1483132243156433,-0.13568061590194702,0.398263543844223,0.508378803730011,-0.05932917445898056,0.40048304200172424,0.3943820595741272,-0.12580981850624084,0.437578022480011,0.48740437626838684,-0.14736196398735046,0.4567214250564575,0.5702641010284424,-0.14740712940692902,0.3404000699520111,0.5515734553337097,-0.06839142739772797,0.3364464044570923,0.4513455331325531,-0.12647999823093414,0.3807606101036072,0.5321469306945801,-0.12042389065027237,0.4020735025405884,0.6084954738616943,-0.10158083587884903,0.2833556830883026,0.6104549765586853,-0.0816623866558075,0.2809392511844635,0.5203642845153809,-0.119553342461586,0.31981325149536133,0.5637575387954712,-0.11045011878013611,0.339995801448822,0.6188950538635254,-0.09452454745769501
g,0.34972327947616577,0.42468196153640747,-8.532742867828347e-08,0.44949039816856384,0.41906416416168213,-0.04357580840587616,0.5346242189407349,0.3678191006183624,-0.05886618793010712,0.5611826777458191,0.31360530853271484,-0.07347624748945236,0.5777561068534851,0.2736127972602844,-0.08763641864061356,0.4862119257450104,0.2955709397792816,-0.034717828035354614,0.5051507353782654,0.2257615625858307,-0.07365342974662781,0.5085021257400513,0.1812572330236435,-0.09609314054250717,0.5061455965042114,0.14380447566509247,-0.112518809735775,0.4220438599586487,0.2927422523498535,-0.036283161491155624,0.4693165421485901,0.25831466913223267,-0.11414516717195511,0.46547597646713257,0.3157990574836731,-0.13210609555244446,0.44464111328125,0.3574953079223633,-0.12487443536520004,0.36011767387390137,0.297331839799881,-0.04252707585692406,0.40757185220718384,0.26051217317581177,-0.12431053072214127,0.40574145317077637,0.32380902767181396,-0.10793375223875046,0.38936638832092285,0.3659777343273163,-0.07442761957645416,0.2907833456993103,0.30606114864349365,-0.05175238475203514,0.339760422706604,0.2880003750324249,-0.11754906177520752,0.3468458652496338,0.33621782064437866,-0.10956680774688721,0.33886122703552246,0.3696151375770569,-0.08699008822441101
g,0.4094570577144623,0.89905846118927,-5.427748988040548e-07,0.5911031365394592,0.879929780960083,-0.10983157902956009,0.7321754097938538,0.7438702583312988,-0.12827497720718384,0.7632320523262024,0.6098659038543701,-0.13236960768699646,0.8203401565551758,0.5186745524406433,-0.11919284611940384,0.6796644926071167,0.5750977396965027,-0.06285180896520615,0.7230826616287231,0.4304620325565338,-0.14633698761463165,0.7382879257202148,0.3494563102722168,-0.1669710874557495,0.7460973262786865,0.2554711699485779,-0.174301415681839,0.539190948009491,0.5700499415397644,-0.048032887279987335,0.5838758945465088,0.5248675346374512,-0.1444663256406784,0.5667209625244141,0.6724656820297241,-0.12516134977340698,0.5497366189956665,0.6606518030166626,-0.08574501425027847,0.4154837131500244,0.5828180909156799,-0.055500730872154236,0.4545455873012543,0.5430722832679749,-0.18755276501178741,0.4615052044391632,0.6903699636459351,-0.14229166507720947,0.4462926387786865,0.6703795194625854,-0.08068004250526428,0.29063859581947327,0.6092828512191772,-0.07193644344806671,0.32863831520080566,0.5845062136650085,-0.15865406394004822,0.36219796538352966,0.6855149865150452,-0.12651267647743225,0.3432244658470154,0.6908860206604004,-0.08374498784542084
i,0.6091164946556091,0.5740506649017334,-8.031446441236767e-07,0.6979148387908936,0.5518997311592102,-0.051767498254776,0.7801458835601807,0.5030407309532166,-0.0797899141907692,0.7670104503631592,0.4515172243118286,-0.10593364387750626,0.6896975040435791,0.43180346488952637,-0.12377121299505234,0.7255460619926453,0.43352919816970825,-0.030542448163032532,0.7429570555686951,0.4028925895690918,-0.07770640403032303,0.7181828022003174,0.4441658854484558,-0.10124688595533371,0.6997219324111938,0.47611987590789795,-0.10686227679252625,0.6560311913490295,0.4238341748714447,-0.027987917885184288,0.6752282977104187,0.38787737488746643,-0.08652807027101517,0.6642987132072449,0.44367897510528564,-0.10654530674219131,0.6545528173446655,0.48132866621017456,-0.10379699617624283,0.5878159403800964,0.4211287796497345,-0.0338621623814106,0.603733241558075,0.38141143321990967,-0.08695043623447418,0.6124317646026611,0.43545001745224,-0.08836212754249573,0.6116986274719238,0.47765955328941345,-0.07222966104745865,0.5185701251029968,0.4260413646697998,-0.044156353920698166,0.4909864068031311,0.37173357605934143,-0.06663817912340164,0.4815939664840698,0.3375449478626251,-0.07037153840065002,0.4772661328315735,0.3023226261138916,-0.0676817074418068
i,0.348707377910614,0.8537939786911011,-9.082070278054744e-07,0.4554039537906647,0.8261700868606567,-0.03811962902545929,0.5552040338516235,0.7396509051322937,-0.054433424025774,0.5934683680534363,0.6359986066818237,-0.07324227690696716,0.5670243501663208,0.5412880182266235,-0.08659685403108597,0.5009245276451111,0.5544360876083374,-0.025726862251758575,0.5281490087509155,0.49410977959632874,-0.08130943775177002,0.5104053020477295,0.604713499546051,-0.1095292791724205,0.4939946234226227,0.6924676895141602,-0.1125592514872551,0.43216297030448914,0.5328661203384399,-0.030887994915246964,0.45926573872566223,0.4653104841709137,-0.09937229007482529,0.452654093503952,0.595482587814331,-0.12534429132938385,0.4447357952594757,0.6993159651756287,-0.1233559176325798,0.36058157682418823,0.5215016007423401,-0.04391850158572197,0.3767549991607666,0.4608084261417389,-0.10563454031944275,0.3884860873222351,0.5818524956703186,-0.11596274375915527,0.3948885500431061,0.6792262196540833,-0.10124211013317108,0.2879430651664734,0.5184680819511414,-0.05968017876148224,0.29354727268218994,0.3819817900657654,-0.08358000963926315,0.3017466068267822,0.3041532337665558,-0.08540772646665573,0.31078124046325684,0.23918718099594116,-0.0786251574754715
i,0.3103393316268921,0.4271405339241028,-7.459853463842592e-07,0.4269494414329529,0.4123893976211548,-0.028280068188905716,0.5018311142921448,0.3655369281768799,-0.03440987691283226,0.45720329880714417,0.32277974486351013,-0.04046515375375748,0.37243539094924927,0.3243071436882019,-0.03882385417819023,0.4752469062805176,0.3021122217178345,-0.005743673536926508,0.4972532093524933,0.25983375310897827,-0.034676626324653625,0.46940726041793823,0.2995762526988983,-0.05141639709472656,0.4495163559913635,0.3283872902393341,-0.05703965947031975,0.4146512448787689,0.29076042771339417,-0.006190285552293062,0.4356980621814728,0.24549496173858643,-0.044326990842819214,0.4135540723800659,0.29956188797950745,-0.06157585605978966,0.3996064066886902,0.33054715394973755,-0.06275730580091476,0.3589797019958496,0.28470662236213684,-0.012254951521754265,0.3742690086364746,0.23392309248447418,-0.03887784481048584,0.36913806200027466,0.28169122338294983,-0.04109450429677963,0.35893160104751587,0.3202345669269562,-0.03328065201640129,0.30145537853240967,0.2832798957824707,-0.021625110879540443,0.3141244649887085,0.22386771440505981,-0.030264437198638916,0.32989591360092163,0.1913764476776123,-0.036083996295928955,0.3431130051612854,0.15800099074840546,-0.03975621238350868
i,0.44514816999435425,0.8139310479164124,-1.1567119599931175e-06,0.6304817199707031,0.8156896829605103,-0.04257291927933693,0.793354332447052,0.734840989112854,-0.03924775868654251,0.8175966739654541,0.6235097646713257,-0.04175468906760216,0.6991592645645142,0.5876026153564453,-0.037107955664396286,0.728451669216156,0.5997357964515686,0.03843226283788681,0.7825105786323547,0.5019782781600952,-0.014947759918868542,0.7553071975708008,0.5536344647407532,-0.04347553849220276,0.7235206961631775,0.6077719926834106,-0.044008612632751465,0.6352478861808777,0.5787199139595032,0.03982362523674965,0.6613182425498962,0.5100005269050598,-0.04337030649185181,0.626076340675354,0.6087562441825867,-0.08387830853462219,0.5998480916023254,0.6782814860343933,-0.0803409218788147,0.5464416742324829,0.5660579800605774,0.02852175198495388,0.5675793290138245,0.5075434446334839,-0.05426725745201111,0.5500234365463257,0.6061614155769348,-0.07522879540920258,0.5345925092697144,0.6777249574661255,-0.05444358289241791,0.45353642106056213,0.5543264746665955,0.01477859914302826,0.497178852558136,0.4665486514568329,-0.012395146302878857,0.5317624807357788,0.41327333450317383,-0.018641570582985878,0.5656414031982422,0.36038196086883545,-0.01058467198163271
l,0.2959434688091278,0.6959079504013062,-6.986250156160168e-08,0.4353824853897095,0.6720478534698486,-0.09356281161308289,0.5774244666099548,0.6101597547531128,-0.1533607393503189,0.7017332315444946,0.5704283118247986,-0.20983310043811798,0.8132722973823547,0.5531330704689026,-0.26526013016700745,0.47252243757247925,0.47143304347991943,-0.10880975425243378,0.4865102171897888,0.36813050508499146,-0.18802952766418457,0.48089346289634705,0.30341264605522156,-0.23272180557250977,0.4725850522518158,0.24673929810523987,-0.2642669677734375,0.3605930209159851,0.4660159647464752,-0.10471364855766296,0.3695593774318695,0.45749396085739136,-0.2266627699136734,0.38133716583251953,0.546062171459198,-0.24605196714401245,0.386554479598999,0.5910593271255493,-0.2327624261379242,0.2563706040382385,0.4802387058734894,-0.11042235791683197,0.2664966583251953,0.49342119693756104,-0.2192055583000183,0.2962270975112915,0.567036509513855,-0.19296404719352722,0.31172946095466614,0.5973865985870361,-0.1489020138978958,0.16001515090465546,0.5053743124008179,-0.12567594647407532,0.1762157380580902,0.5199296474456787,-0.18762165307998657,0.21172237396240234,0.5719319581985474,-0.16408726572990417,0.23132388293743134,0.5911046266555786,-0.129982128739357
l,0.3448556959629059,0.5455448627471924,1.413741301803384e-07,0.44476062059402466,0.5319184064865112,-0.06815070658922195,0.5331524610519409,0.48812827467918396,-0.10459480434656143,0.6137154698371887,0.4474424123764038,-0.13667641580104828,0.6957624554634094,0.4300929009914398,-0.1687278300523758,0.47385814785957336,0.40262484550476074,-0.055853765457868576,0.47858476638793945,0.333516389131546,-0.0995713546872139,0.4718615412712097,0.2892005443572998,-0.12677514553070068,0.45993852615356445,0.2521999478340149,-0.14768849313259125,0.40660685300827026,0.40272897481918335,-0.04736316204071045,0.3914830982685089,0.3708806335926056,-0.12463738024234772,0.3977295756340027,0.4289315938949585,-0.13925880193710327,0.4088631272315979,0.46402814984321594,-0.12997767329216003,0.3406655788421631,0.41243287920951843,-0.046363044530153275,0.3281494975090027,0.3808552622795105,-0.1234683245420456,0.3467400074005127,0.4386342167854309,-0.10677604377269745,0.3630502223968506,0.4728303551673889,-0.07455702871084213,0.2771455645561218,0.4292493462562561,-0.05114826187491417,0.27238839864730835,0.40743136405944824,-0.1120542660355568,0.2943462133407593,0.4504336416721344,-0.10386041551828384,0.3148546516895294,0.47732439637184143,-0.08170146495103836
l,0.5025650262832642,0.5879387855529785,2.5147920723611605e-07,0.6030923128128052,0.5643326640129089,-0.06978440284729004,0.7028777003288269,0.5146220326423645,-0.11620215326547623,0.8057133555412292,0.4888317286968231,-0.15975232422351837,0.8935480117797852,0.4831424653530121,-0.2032719850540161,0.5850022435188293,0.4124287962913513,-0.09264788776636124,0.5770840048789978,0.33188140392303467,-0.15143102407455444,0.5674048662185669,0.2777232229709625,-0.18498803675174713,0.5578156113624573,0.23336374759674072,-0.207020103931427,0.49999845027923584,0.4107988178730011,-0.08791124075651169,0.5123140811920166,0.41450440883636475,-0.18432551622390747,0.5297061800956726,0.47273850440979004,-0.2051655799150467,0.54423987865448,0.5155441164970398,-0.1955668181180954,0.42739230394363403,0.426649272441864,-0.08856989443302155,0.45275551080703735,0.461166113615036,-0.17167045176029205,0.48817020654678345,0.5101495385169983,-0.16619963943958282,0.5167931318283081,0.5399543642997742,-0.13808993995189667,0.3669457733631134,0.4502984285354614,-0.09662695974111557,0.39642849564552307,0.4828594923019409,-0.1482383906841278,0.4384833574295044,0.5226845145225525,-0.1432270109653473,0.4736541509628296,0.5428690910339355,-0.12185798585414886
l,0.3302410840988159,0.6283384561538696,2.4687775379561572e-08,0.3750206232070923,0.6226321458816528,-0.019869670271873474,0.4193006753921509,0.607969343662262,-0.03389272093772888,0.45908764004707336,0.6015220284461975,-0.04780692234635353,0.49019157886505127,0.6033791899681091,-0.062397267669439316,0.3805695176124573,0.5642708539962769,-0.028832877054810524,0.37936580181121826,0.5360875129699707,-0.045250922441482544,0.373629093170166,0.5169219970703125,-0.055563509464263916,0.36784058809280396,0.5011234283447266,-0.06333857029676437,0.34910744428634644,0.5603183507919312,-0.02877219393849373,0.34832772612571716,0.5682243704795837,-0.056514713913202286,0.3470247983932495,0.5890650749206543,-0.06340190768241882,0.3470301628112793,0.6039803624153137,-0.062265001237392426,0.3212171196937561,0.5644925832748413,-0.029894636943936348,0.32272303104400635,0.5801557302474976,-0.05370263382792473,0.32952532172203064,0.5974101424217224,-0.05291379243135452,0.335507869720459,0.6094554662704468,-0.04667207598686218,0.29623937606811523,0.5720478892326355,-0.033444564789533615,0.30124378204345703,0.5877962112426758,-0.04956168308854103,0.31433337926864624,0.6044117212295532,-0.04922807216644287,0.3272562026977539,0.6149401664733887,-0.0440756231546402
l,0.2162543684244156,0.5202652812004089,3.6795918845200504e-07,0.2752491235733032,0.5122495293617249,-0.03846835345029831,0.3270748555660248,0.48659414052963257,-0.058609116822481155,0.3716408312320709,0.46743518114089966,-0.07711294293403625,0.41258901357650757,0.45562997460365295,-0.09602822363376617,0.2835554778575897,0.41251325607299805,-0.030843131244182587,0.29757896065711975,0.36447927355766296,-0.05130164697766304,0.30562272667884827,0.3337448239326477,-0.0690038725733757,0.3127283453941345,0.31060513854026794,-0.08225031197071075,0.24337853491306305,0.40725526213645935,-0.027472026646137238,0.23171132802963257,0.35385456681251526,-0.05775202065706253,0.23340263962745667,0.35898667573928833,-0.07824432104825974,0.23963867127895355,0.38316118717193604,-0.08661780506372452,0.20517468452453613,0.4130110442638397,-0.027344660833477974,0.192907452583313,0.3643893301486969,-0.05537250265479088,0.19833765923976898,0.3746906518936157,-0.06815280020236969,0.2074391394853592,0.4018355906009674,-0.06996524333953857,0.1697365790605545,0.4275171756744385,-0.030720265582203865,0.14931535720825195,0.39060360193252563,-0.055063195526599884,0.1540602743625641,0.3888307213783264,-0.06500513106584549,0.1651902198791504,0.4039054214954376,-0.0669412910938263
l,0.33307313919067383,0.775528073310852,1.2735570464883494e-07,0.47850990295410156,0.7634677886962891,-0.12788993120193481,0.6218041181564331,0.7035209536552429,-0.18841798603534698,0.7567931413650513,0.6652581691741943,-0.23480267822742462,0.8742843866348267,0.6660217046737671,-0.26951339840888977,0.5580796003341675,0.5127695798873901,-0.09919039905071259,0.5775570273399353,0.3952188789844513,-0.17644305527210236,0.5828335881233215,0.321795791387558,-0.20084872841835022,0.5895888209342957,0.24774649739265442,-0.21105173230171204,0.4514382481575012,0.5126508474349976,-0.07228881865739822,0.42323511838912964,0.4813346564769745,-0.15012356638908386,0.4221401810646057,0.5981616377830505,-0.12527571618556976,0.45328065752983093,0.5956262350082397,-0.08623822033405304,0.35392123460769653,0.5223830342292786,-0.06650949269533157,0.3208809494972229,0.510165274143219,-0.15897934138774872,0.34245485067367554,0.6135759949684143,-0.11704446375370026,0.3802829086780548,0.6020469665527344,-0.06608171761035919,0.26313096284866333,0.5398389101028442,-0.07361722737550735,0.23122018575668335,0.5307075381278992,-0.12721313536167145,0.2645306885242462,0.6074998378753662,-0.09620718657970428,0.2907114624977112,0.6221438646316528,-0.059148117899894714
m,0.44099169969558716,0.21015985310077667,1.1990362054348225e-06,0.564254641532898,0.23700639605522156,-0.04432496055960655,0.6313784122467041,0.29238930344581604,-0.09694533795118332,0.6169840693473816,0.348694384098053,-0.13161754608154297,0.5663651823997498,0.38618189096450806,-0.16529031097888947,0.577633261680603,0.2712253928184509,-0.21404705941677094,0.5423796772956848,0.3882368505001068,-0.26573121547698975,0.5244738459587097,0.4486241936683655,-0.2721092402935028,0.5057892203330994,0.49103909730911255,-0.2694626748561859,0.4647749662399292,0.26125115156173706,-0.21056656539440155,0.45525920391082764,0.3900233209133148,-0.2678530216217041,0.44862300157546997,0.460693895816803,-0.26489919424057007,0.44079333543777466,0.506110668182373,-0.25925254821777344,0.37379661202430725,0.26347216963768005,-0.19742079079151154,0.377318799495697,0.37992140650749207,-0.23975814878940582,0.3894287347793579,0.44748225808143616,-0.23504489660263062,0.39894217252731323,0.489340215921402,-0.2278500199317932,0.3090798258781433,0.2737087905406952,-0.18309371173381805,0.3364608585834503,0.36238008737564087,-0.20314502716064453,0.3649907112121582,0.3989396095275879,-0.19155406951904297,0.3847258687019348,0.4160062074661255,-0.1824810951948166
m,0.44787856936454773,0.21797223389148712,1.3192982351029059e-06,0.5623279213905334,0.27199214696884155,-0.0002471926563885063,0.5767285823822021,0.3518402576446533,-0.034942783415317535,0.5234917998313904,0.4206295609474182,-0.051645323634147644,0.477676123380661,0.47136789560317993,-0.075716532766819,0.6011819839477539,0.35533449053764343,-0.20234660804271698,0.5788267850875854,0.47958388924598694,-0.24881196022033691,0.5588961839675903,0.5465962886810303,-0.2575993835926056,0.5423849821090698,0.5971843600273132,-0.2553950846195221,0.4913289546966553,0.34325072169303894,-0.20699694752693176,0.48920249938964844,0.4781571626663208,-0.2634756863117218,0.4807644188404083,0.5524415969848633,-0.2740815281867981,0.474906325340271,0.6027096509933472,-0.27645090222358704,0.3862498998641968,0.33635929226875305,-0.19183892011642456,0.394553542137146,0.46244847774505615,-0.24540221691131592,0.4083506166934967,0.5318700671195984,-0.26271161437034607,0.41405701637268066,0.5798639059066772,-0.2689903974533081,0.30153554677963257,0.33661049604415894,-0.16454561054706573,0.35914063453674316,0.4117579162120819,-0.18363328278064728,0.40141838788986206,0.4006335139274597,-0.16013355553150177,0.40945276618003845,0.38276079297065735,-0.1411338597536087
m,0.21142318844795227,0.4994121789932251,5.299538088365807e-07,0.25985291600227356,0.5044970512390137,-0.009119615890085697,0.28664448857307434,0.5359757542610168,-0.02418004907667637,0.29238179326057434,0.5713156461715698,-0.03255684673786163,0.2927232086658478,0.5998097062110901,-0.04245130717754364,0.28285276889801025,0.5385676026344299,-0.07299003005027771,0.2935572862625122,0.5959645509719849,-0.09000030905008316,0.29577648639678955,0.6281899809837341,-0.09316786378622055,0.2984504997730255,0.6516202092170715,-0.09316707402467728,0.244171604514122,0.5421849489212036,-0.0722057968378067,0.26174455881118774,0.6024909615516663,-0.09455040842294693,0.2692940831184387,0.6364279985427856,-0.09858326613903046,0.27825620770454407,0.6605736613273621,-0.09959171712398529,0.20893892645835876,0.5463786721229553,-0.0660688504576683,0.22550168633460999,0.603402316570282,-0.0830061212182045,0.23906125128269196,0.6356624364852905,-0.08522705733776093,0.24954909086227417,0.6583684682846069,-0.08561508357524872,0.1824284940958023,0.5500364899635315,-0.05752715840935707,0.20688295364379883,0.5845560431480408,-0.06461001187562943,0.2203192114830017,0.5921335220336914,-0.05931951478123665,0.22672128677368164,0.5969839096069336,-0.05525261163711548
m,0.47050291299819946,0.16897770762443542,1.174632302536338e-06,0.645911693572998,0.2500016689300537,0.04965740069746971,0.6893970966339111,0.38012880086898804,0.05668782442808151,0.6357724666595459,0.4873446226119995,0.06626914441585541,0.5800317525863647,0.5626776218414307,0.07082098722457886,0.7011357545852661,0.4215119779109955,-0.0842456966638565,0.6537812948226929,0.6009514927864075,-0.10332846641540527,0.6277871131896973,0.7016217708587646,-0.10010727494955063,0.6094414591789246,0.7779625654220581,-0.09332925826311111,0.5876438617706299,0.42616918683052063,-0.10942261666059494,0.552159309387207,0.621254563331604,-0.1348194181919098,0.5261942744255066,0.7373409271240234,-0.14011436700820923,0.5094056129455566,0.8250694274902344,-0.14208167791366577,0.4741855263710022,0.42291969060897827,-0.11801479756832123,0.45422014594078064,0.5996973514556885,-0.13699795305728912,0.44601309299468994,0.7110273838043213,-0.1468767374753952,0.439954549074173,0.791759192943573,-0.1524191051721573,0.375978946685791,0.41433367133140564,-0.1154041439294815,0.4004066586494446,0.5404011011123657,-0.11393735557794571,0.43764060735702515,0.5933388471603394,-0.10011441260576248,0.46704864501953125,0.6335517764091492,-0.08967464417219162
n,0.3008018434047699,0.20424625277519226,1.1777377721955418e-06,0.419123113155365,0.2302197813987732,-0.004112744238227606,0.5080488920211792,0.27879247069358826,-0.03238809481263161,0.5367907881736755,0.3342500329017639,-0.05252522602677345,0.5069049000740051,0.3741058111190796,-0.07373332232236862,0.4630524516105652,0.3043464124202728,-0.14115029573440552,0.4713980555534363,0.4075097143650055,-0.17037929594516754,0.47042226791381836,0.4570031762123108,-0.174086332321167,0.4634649157524109,0.49362826347351074,-0.1743258684873581,0.3711300790309906,0.31119224429130554,-0.14833173155784607,0.3960540294647217,0.42120304703712463,-0.172403022646904,0.40778598189353943,0.475340873003006,-0.16099363565444946,0.40845999121665955,0.5123047828674316,-0.1540735363960266,0.28489476442337036,0.3158511221408844,-0.14259198307991028,0.3311308026313782,0.40244045853614807,-0.14933323860168457,0.3525683283805847,0.3865179419517517,-0.10828257352113724,0.35272663831710815,0.358256071805954,-0.0789409875869751,0.20919759571552277,0.31497761607170105,-0.13571779429912567,0.2613978683948517,0.3851996660232544,-0.13473866879940033,0.28312987089157104,0.3735957443714142,-0.0974164679646492,0.2756221294403076,0.35146209597587585,-0.06695231050252914
n,0.49257892370224,0.18324364721775055,1.6676901850587456e-06,0.5993813276290894,0.22314205765724182,-0.014088033698499203,0.6287259459495544,0.2995874881744385,-0.05247420817613602,0.5805771946907043,0.3618635833263397,-0.07925694435834885,0.5363197326660156,0.40111416578292847,-0.10849539190530777,0.6465109586715698,0.3088033199310303,-0.1732693314552307,0.6397826671600342,0.42545589804649353,-0.218530535697937,0.6304634809494019,0.4879910945892334,-0.23352517187595367,0.6201589107513428,0.5364317297935486,-0.23838035762310028,0.5528663992881775,0.3074742555618286,-0.17794236540794373,0.5556200742721558,0.4322378635406494,-0.21588493883609772,0.5541031360626221,0.5005338191986084,-0.21660907566547394,0.5484667420387268,0.5522478818893433,-0.2163780778646469,0.46098828315734863,0.307331919670105,-0.1681184023618698,0.4820350408554077,0.3954688310623169,-0.18077926337718964,0.5073097348213196,0.36851152777671814,-0.13897326588630676,0.5165925621986389,0.334209144115448,-0.10682203620672226,0.3856604993343353,0.30386126041412354,-0.15806297957897186,0.43410053849220276,0.36111900210380554,-0.1515152007341385,0.4589259624481201,0.34179285168647766,-0.10583470016717911,0.4537988007068634,0.3182418942451477,-0.06918249279260635
n,0.1674523502588272,0.4408201575279236,6.168422714836197e-07,0.21834483742713928,0.4499223828315735,-0.0033366030547767878,0.24751101434230804,0.4845731556415558,-0.012169644236564636,0.24442782998085022,0.5193544626235962,-0.019651155918836594,0.2356903851032257,0.5442107915878296,-0.027315296232700348,0.2628161311149597,0.49929195642471313,-0.03786403685808182,0.26554903388023376,0.5577980279922485,-0.05193952098488808,0.26664963364601135,0.5902068018913269,-0.05686333030462265,0.2677419185638428,0.6144781708717346,-0.05785677954554558,0.22734378278255463,0.5063521265983582,-0.04229729622602463,0.234775573015213,0.5668765902519226,-0.05452653765678406,0.23822514712810516,0.6014769673347473,-0.057252395898103714,0.24208098649978638,0.6276507377624512,-0.05798417329788208,0.19053421914577484,0.510595440864563,-0.04362346604466438,0.1970684677362442,0.5495377779006958,-0.052460264414548874,0.19621264934539795,0.5347954034805298,-0.04352867230772972,0.19444146752357483,0.5177587270736694,-0.03396204113960266,0.1586049497127533,0.5116825103759766,-0.04472427815198898,0.1749732792377472,0.5354490876197815,-0.04606165736913681,0.17669829726219177,0.5234267115592957,-0.032844074070453644,0.1732705533504486,0.5107071995735168,-0.020545996725559235
n,0.46887892484664917,0.15072426199913025,1.2931519677295e-06,0.6208646297454834,0.22872813045978546,0.02951693721115589,0.6601673364639282,0.3393978774547577,0.02213924191892147,0.6106789112091064,0.42534467577934265,0.015317408367991447,0.5443626046180725,0.47565722465515137,0.006028748117387295,0.6324021220207214,0.40147218108177185,-0.09129711985588074,0.5760008096694946,0.550849199295044,-0.12316609174013138,0.545480489730835,0.6358351111412048,-0.14218388497829437,0.515662431716919,0.7002014517784119,-0.15381501615047455,0.5284623503684998,0.40936514735221863,-0.10634711384773254,0.48097777366638184,0.570809006690979,-0.11399578303098679,0.4576480984687805,0.6658099889755249,-0.11419009417295456,0.43442845344543457,0.7321903109550476,-0.12196894735097885,0.42429274320602417,0.4019845128059387,-0.10654759407043457,0.38672399520874023,0.5251039266586304,-0.0801328644156456,0.423823744058609,0.49406853318214417,-0.036785710602998734,0.4504591226577759,0.44355493783950806,-0.015031463466584682,0.33709779381752014,0.38071444630622864,-0.10610096156597137,0.34106266498565674,0.4439830780029297,-0.07530428469181061,0.37649887800216675,0.42097634077072144,-0.03374110907316208,0.39161914587020874,0.389145165681839,-0.0043160743080079556
o,0.386843740940094,0.4536910653114319,-1.1859556252602488e-06,0.5003154873847961,0.3854864239692688,0.08163890987634659,0.5434285998344421,0.3354577124118805,0.10165321081876755,0.5910954475402832,0.3036483824253082,0.09357407689094543,0.5982482433319092,0.2827308773994446,0.08699308335781097,0.32872849702835083,0.2559714615345001,0.08314778655767441,0.4483170509338379,0.1924142837524414,0.05332952365279198,0.5279701352119446,0.2321784794330597,0.02338043414056301,0.5484623908996582,0.272017240524292,0.005984027869999409,0.3104651868343353,0.26085585355758667,0.015491333790123463,0.4534330368041992,0.1883222758769989,-0.012054496444761753,0.5379742383956909,0.23867307603359222,-0.028991183266043663,0.5477028489112854,0.2817782163619995,-0.03620833903551102,0.3204593062400818,0.2706802189350128,-0.0509943813085556,0.4497697055339813,0.19161048531532288,-0.07588310539722443,0.5316807627677917,0.23731550574302673,-0.06802158057689667,0.5435933470726013,0.27893924713134766,-0.056396812200546265,0.356067955493927,0.28556403517723083,-0.11233410984277725,0.4467240273952484,0.2159927487373352,-0.1253080815076828,0.5067192316055298,0.24174125492572784,-0.10774647444486618,0.5239151120185852,0.2752360701560974,-0.09193285554647446
o,0.46033310890197754,0.5283796787261963,3.1310218417957e-08,0.5660716891288757,0.48749643564224243,0.02347046509385109,0.6438502073287964,0.4409251809120178,0.0030118077993392944,0.7033642530441284,0.417006254196167,-0.03284909203648567,0.749500036239624,0.39181286096572876,-0.06964708864688873,0.48261839151382446,0.354767769575119,-0.0046088420785963535,0.5843899250030518,0.3135964572429657,-0.06298408657312393,0.6723219156265259,0.3352225422859192,-0.10715293884277344,0.720082700252533,0.3631311357021332,-0.13151803612709045,0.4419560730457306,0.3597124516963959,-0.05171043425798416,0.5707905888557434,0.3076481223106384,-0.11109838634729385,0.6732308864593506,0.3335427939891815,-0.1480082869529724,0.7193200588226318,0.3660678565502167,-0.16604217886924744,0.42045319080352783,0.37672585248947144,-0.10000389069318771,0.5385717749595642,0.3264191150665283,-0.15496598184108734,0.6481947302818298,0.3469909131526947,-0.17439058423042297,0.7049533128738403,0.3729860782623291,-0.17851106822490692,0.42050737142562866,0.4061796963214874,-0.14601385593414307,0.5170717835426331,0.3657821714878082,-0.19224365055561066,0.6071438789367676,0.3611028790473938,-0.20738422870635986,0.6712131500244141,0.3647111654281616,-0.21125994622707367
o,0.3627513647079468,0.704796552658081,-3.267860293476588e-08,0.5352723598480225,0.6541885137557983,0.04833627864718437,0.6480768322944641,0.5857992768287659,0.04203903302550316,0.7414880990982056,0.5490062236785889,0.010362392291426659,0.819800615310669,0.5097224712371826,-0.01981491781771183,0.5303611159324646,0.4471239745616913,0.0627068355679512,0.6278600096702576,0.36378735303878784,0.016624435782432556,0.7263858318328857,0.39734092354774475,-0.026288243010640144,0.7741278409957886,0.446026086807251,-0.050803616642951965,0.4823733866214752,0.44260382652282715,0.00013568848953582346,0.6120889186859131,0.33722051978111267,-0.04712841659784317,0.7274527549743652,0.3811718821525574,-0.08267587423324585,0.7698642015457153,0.44159531593322754,-0.09995622932910919,0.45337823033332825,0.45612823963165283,-0.06550487875938416,0.5840853452682495,0.3465944230556488,-0.10865186899900436,0.7037535309791565,0.38745081424713135,-0.1162126436829567,0.754239022731781,0.4418565630912781,-0.11347607523202896,0.451702743768692,0.4909248352050781,-0.1294596642255783,0.5853384733200073,0.4271935224533081,-0.16542942821979523,0.6880390644073486,0.4403504729270935,-0.16701741516590118,0.7448281645774841,0.4675247073173523,-0.16209030151367188
p,0.25738054513931274,0.5108445286750793,8.330189871230687e-07,0.4030931890010834,0.4831894338130951,-0.0021015945822000504,0.5076019167900085,0.42864176630973816,-0.01899057626724243,0.5549243092536926,0.3830190598964691,-0.04583625867962837,0.597848117351532,0.34305262565612793,-0.07123839855194092,0.4835944175720215,0.3364896774291992,-0.03524359315633774,0.6138871312141418,0.30625197291374207,-0.09209533780813217,0.6951667070388794,0.28380873799324036,-0.12941019237041473,0.7651522159576416,0.2621272802352905,-0.1560719907283783,0.4187345802783966,0.32816919684410095,-0.06954227387905121,0.5806704759597778,0.3656853437423706,-0.14791959524154663,0.681965708732605,0.3955071270465851,-0.1760760396718979,0.7563475370407104,0.4139108657836914,-0.1881060153245926,0.35750001668930054,0.3450593650341034,-0.10487810522317886,0.5032199621200562,0.4174768626689911,-0.16798289120197296,0.4567592740058899,0.460895836353302,-0.15055322647094727,0.40558546781539917,0.4725319743156433,-0.13045263290405273,0.30523359775543213,0.3773818612098694,-0.1441337764263153,0.4239984154701233,0.4330689311027527,-0.1858815997838974,0.3945896029472351,0.4655117988586426,-0.1705697923898697,0.34994667768478394,0.46775248646736145,-0.1524520218372345
q,0.22092705965042114,0.19401314854621887,-3.863467838982615e-07,0.41287606954574585,0.21338693797588348,0.036670055240392685,0.537971556186676,0.2764872908592224,0.04826316982507706,0.604644775390625,0.35154882073402405,0.05643153935670853,0.6117846965789795,0.40938201546669006,0.06211768463253975,0.563418984413147,0.3481425642967224,-0.0008968742331489921,0.5615090727806091,0.4639350175857544,0.01683194562792778,0.5460143685340881,0.5208596587181091,0.028084877878427505,0.5303589701652527,0.562670111656189,0.031794898211956024,0.462170273065567,0.375205397605896,-0.014098959043622017,0.4707085192203522,0.4422849416732788,0.017182523384690285,0.46705666184425354,0.41322407126426697,0.03937367722392082,0.4596012532711029,0.37836891412734985,0.047043539583683014,0.3565274178981781,0.3846966326236725,-0.018321389332413673,0.39252299070358276,0.43294557929039,0.018127823248505592,0.3879033625125885,0.405003160238266,0.048765890300273895,0.3755553960800171,0.3699282705783844,0.05880091339349747,0.2617154121398926,0.38549771904945374,-0.018922127783298492,0.3146410584449768,0.41104573011398315,0.020932737737894058,0.310563325881958,0.3883988857269287,0.05785989388823509,0.29825836420059204,0.36211204528808594,0.08106312155723572
q,0.5217092037200928,0.1975807249546051,1.5694931221332808e-07,0.6620702743530273,0.2369769811630249,-0.024207860231399536,0.7493550777435303,0.32703691720962524,-0.0643477514386177,0.792690098285675,0.4154261350631714,-0.0851668044924736,0.8706514835357666,0.46517959237098694,-0.10645497590303421,0.7216475605964661,0.31981217861175537,-0.21399565041065216,0.7320744395256042,0.4489472508430481,-0.2649097144603729,0.7251235246658325,0.5137925744056702,-0.27008047699928284,0.7138923406600952,0.5649233460426331,-0.2686396539211273,0.6036238670349121,0.32139700651168823,-0.21295048296451569,0.6335834264755249,0.4508807063102722,-0.2378949671983719,0.6471347212791443,0.4242132902145386,-0.18014681339263916,0.6442348957061768,0.3907150626182556,-0.14068320393562317,0.4980852007865906,0.32133543491363525,-0.20281414687633514,0.539391279220581,0.4317569136619568,-0.21465134620666504,0.5557817816734314,0.40198659896850586,-0.14571556448936462,0.5494397878646851,0.36805254220962524,-0.10276037454605103,0.40713077783584595,0.32393619418144226,-0.19212521612644196,0.46045172214508057,0.410081148147583,-0.19139736890792847,0.4784235954284668,0.38813552260398865,-0.1448744237422943,0.47017520666122437,0.3595101237297058,-0.11531154811382294
q,0.3125322759151459,0.1317901313304901,-5.854749929312675e-07,0.5009892582893372,0.2034713327884674,0.02632458694279194,0.5763362646102905,0.32843196392059326,0.04181086644530296,0.5746579170227051,0.44433698058128357,0.05615905299782753,0.556007981300354,0.526668131351471,0.06848970055580139,0.47284045815467834,0.4446202218532562,-0.001479718484915793,0.4484961926937103,0.593277633190155,0.011856546625494957,0.4263290464878082,0.6712402701377869,0.019698195159435272,0.4019642770290375,0.7287755608558655,0.024495340883731842,0.3415248990058899,0.45242881774902344,-0.0015469001373276114,0.3884372413158417,0.5108227729797363,0.041902437806129456,0.43061065673828125,0.47319668531417847,0.07612302154302597,0.4328620731830597,0.43049734830856323,0.09126313030719757,0.2392989993095398,0.42697837948799133,0.004093451891094446,0.30996835231781006,0.4778708815574646,0.04062781110405922,0.34378018975257874,0.4462791085243225,0.07024878263473511,0.3447670042514801,0.40189164876937866,0.081339992582798,0.16115108132362366,0.3937944173812866,0.013580400496721268,0.22973962128162384,0.4362826645374298,0.055487390607595444,0.25888878107070923,0.41231682896614075,0.09396612644195557,0.2623414993286133,0.37409985065460205,0.11914530396461487
r,0.34406355023384094,0.48808303475379944,1.2412873502398725e-06,0.4297464191913605,0.4804772138595581,-0.06701493263244629,0.489914208650589,0.4351564943790436,-0.09423471242189407,0.4325142800807953,0.3923560082912445,-0.11675021797418594,0.37080705165863037,0.35569891333580017,-0.13485726714134216,0.516015887260437,0.35949379205703735,-0.03929099440574646,0.5348944067955017,0.2974073886871338,-0.08472933620214462,0.5351976752281189,0.25283411145210266,-0.11270977556705475,0.5236300230026245,0.21219052374362946,-0.12814447283744812,0.4558963477611542,0.3492792248725891,-0.0425451323390007,0.5084902048110962,0.27295857667922974,-0.09630784392356873,0.5382778644561768,0.22192831337451935,-0.1244019940495491,0.5551133155822754,0.1762402355670929,-0.13018418848514557,0.390288770198822,0.3551819920539856,-0.055369701236486435,0.4081321954727173,0.315466046333313,-0.14929284155368805,0.4048822224140167,0.3736897110939026,-0.16047628223896027,0.4003796875476837,0.4080358147621155,-0.13579131662845612,0.3191193640232086,0.3713828921318054,-0.07177174091339111,0.3458673059940338,0.3535110354423523,-0.1498531699180603,0.3538699746131897,0.3979567289352417,-0.14912256598472595,0.35489341616630554,0.4226832389831543,-0.12696970999240875
r,0.6002796292304993,0.6106933951377869,1.4281308722274844e-06,0.695331871509552,0.589167058467865,-0.09543318301439285,0.7372827529907227,0.5274849534034729,-0.14114557206630707,0.6357285976409912,0.4854011833667755,-0.18136189877986908,0.5460058450698853,0.4453802704811096,-0.21622255444526672,0.756435751914978,0.40121689438819885,-0.0735018402338028,0.7378008961677551,0.3093191683292389,-0.14328503608703613,0.709863007068634,0.24639666080474854,-0.18844443559646606,0.6689257621765137,0.19242940843105316,-0.21325503289699554,0.6781234741210938,0.3981803357601166,-0.0727274939417839,0.7158612012863159,0.29539620876312256,-0.1533161848783493,0.7145633697509766,0.22107382118701935,-0.19911591708660126,0.6996584534645081,0.15953420102596283,-0.21329867839813232,0.6024469137191772,0.41748932003974915,-0.08425191044807434,0.5815863609313965,0.3805100917816162,-0.19797766208648682,0.5912534594535828,0.44374415278434753,-0.22179125249385834,0.6057292222976685,0.48783615231513977,-0.2000022679567337,0.5280627608299255,0.45015978813171387,-0.10218691825866699,0.5267624855041504,0.4399038553237915,-0.18919210135936737,0.5505378842353821,0.49104541540145874,-0.19246359169483185,0.5774364471435547,0.5253511667251587,-0.17000427842140198
r,0.3277871608734131,0.8503173589706421,1.2437142231647158e-06,0.4741814434528351,0.8178813457489014,-0.09451630711555481,0.5653592944145203,0.7235257625579834,-0.12800949811935425,0.5706177949905396,0.6164202094078064,-0.15951240062713623,0.5116138458251953,0.5270296931266785,-0.18578103184700012,0.5643340349197388,0.5564090013504028,-0.033039286732673645,0.601799488067627,0.4324849843978882,-0.06968940794467926,0.6119464635848999,0.3464413285255432,-0.0979185476899147,0.6123620867729187,0.271529883146286,-0.11968841403722763,0.4809235632419586,0.5307496786117554,-0.028841989114880562,0.5375314950942993,0.38646218180656433,-0.0699910819530487,0.5862917900085449,0.3007545471191406,-0.09863606840372086,0.6208003163337708,0.22599512338638306,-0.11607106029987335,0.3948366641998291,0.5385397672653198,-0.03931012377142906,0.4226449429988861,0.4171240031719208,-0.12508392333984375,0.4548523724079132,0.48964473605155945,-0.1461765170097351,0.4620211720466614,0.5615463256835938,-0.1363873928785324,0.30527976155281067,0.5680196285247803,-0.058372437953948975,0.3461575508117676,0.47487884759902954,-0.13995812833309174,0.39429453015327454,0.5159087181091309,-0.1566569060087204,0.41711845993995667,0.5754379034042358,-0.15244702994823456
s,0.36843636631965637,0.40805643796920776,-5.514158374353428e-07,0.48068737983703613,0.3892200291156769,-0.03396725654602051,0.5691244006156921,0.34198012948036194,-0.050178419798612595,0.507477343082428,0.29849177598953247,-0.06408426910638809,0.40522217750549316,0.30651193857192993,-0.06939812749624252,0.5330183506011963,0.2940232455730438,-0.016644693911075592,0.5557485222816467,0.2578755021095276,-0.05458527430891991,0.5331312417984009,0.3061021864414215,-0.0725129172205925,0.5220479965209961,0.3213486075401306,-0.08397561311721802,0.46091949939727783,0.2863457202911377,-0.022398527711629868,0.4842818081378937,0.24635940790176392,-0.06864078342914581,0.47154197096824646,0.3015192449092865,-0.07771569490432739,0.4576529562473297,0.31370434165000916,-0.07488903403282166,0.39537009596824646,0.2863524854183197,-0.034111496061086655,0.409963458776474,0.25141042470932007,-0.07927294075489044,0.4123506546020508,0.3039241135120392,-0.06198503449559212,0.4036141633987427,0.3147366940975189,-0.04090135917067528,0.32589417695999146,0.28983181715011597,-0.048492588102817535,0.350040078163147,0.27048078179359436,-0.06736411899328232,0.35833585262298584,0.30683445930480957,-0.044128257781267166,0.3498488664627075,0.3165569305419922,-0.024332167580723763
s,0.5647294521331787,0.5121855735778809,-4.064498853040277e-07,0.663988471031189,0.48021140694618225,-0.053736187517642975,0.728764533996582,0.408792644739151,-0.06762558221817017,0.6297515630722046,0.3663405179977417,-0.0742863342165947,0.5111805200576782,0.37800291180610657,-0.06726974993944168,0.7525288462638855,0.3601648509502411,-0.01340577844530344,0.7424046397209167,0.3192928731441498,-0.050968024879693985,0.7037389278411865,0.37298357486724854,-0.06871376931667328,0.7161644697189331,0.3798561990261078,-0.08179289847612381,0.6716158986091614,0.35244500637054443,-0.007981350645422935,0.6690045595169067,0.29915469884872437,-0.06326787173748016,0.6392250061035156,0.3582732379436493,-0.07256295531988144,0.6463325619697571,0.3722422420978546,-0.06275629252195358,0.5947117805480957,0.3539685606956482,-0.011660377494990826,0.5891284346580505,0.29163408279418945,-0.059972118586301804,0.5784587264060974,0.3478410243988037,-0.04073897749185562,0.5921192169189453,0.3622809052467346,-0.014060900546610355,0.5150826573371887,0.3592398762702942,-0.02057573013007641,0.5205983519554138,0.3305591642856598,-0.03957397863268852,0.5215644836425781,0.365007221698761,-0.018837912008166313,0.5350586175918579,0.37485212087631226,0.0017516049556434155
s,0.5913639068603516,0.7499204874038696,-1.4405453612198471e-06,0.7683160305023193,0.6426607966423035,-0.09325838834047318,0.8954945802688599,0.5259419083595276,-0.1170225739479065,0.7283285856246948,0.4427874684333801,-0.1313849836587906,0.5458005666732788,0.46530047059059143,-0.12394417077302933,0.6869165897369385,0.4045563042163849,-0.02694481983780861,0.6507508754730225,0.32427752017974854,-0.12200698256492615,0.6793383955955505,0.4240822196006775,-0.18643422424793243,0.7060129046440125,0.4507620334625244,-0.22241079807281494,0.545224666595459,0.4252794682979584,-0.015903640538454056,0.4962863028049469,0.3412519693374634,-0.08727479726076126,0.5506174564361572,0.44801247119903564,-0.10902413725852966,0.5762109160423279,0.46404752135276794,-0.11674261838197708,0.4195995330810547,0.45179858803749084,-0.023282011970877647,0.34360596537590027,0.36073169112205505,-0.08615679293870926,0.413968563079834,0.46122777462005615,-0.05062513053417206,0.4601321518421173,0.49336159229278564,-0.01665969006717205,0.28602173924446106,0.49040770530700684,-0.04156532138586044,0.22017109394073486,0.4156182110309601,-0.053888749331235886,0.2987823188304901,0.4701365828514099,-0.00236826715990901,0.3571290969848633,0.5070234537124634,0.03909464180469513
s,0.354526162147522,0.7278659343719482,-1.0090425348607823e-06,0.4686250388622284,0.6945902109146118,-0.07188891619443893,0.5695614814758301,0.5980963706970215,-0.10332939028739929,0.6129003763198853,0.49618953466415405,-0.1335441619157791,0.5796260833740234,0.414311945438385,-0.14511048793792725,0.5852941870689392,0.48620685935020447,-0.012095827609300613,0.651674747467041,0.4105490744113922,-0.09285099804401398,0.6103177666664124,0.4993818402290344,-0.12280924618244171,0.5734701156616211,0.5172874927520752,-0.1312505006790161,0.49185308814048767,0.4724615812301636,-0.011212306097149849,0.5406412482261658,0.40902242064476013,-0.09602003544569016,0.5144672989845276,0.5228509902954102,-0.10185788571834564,0.4993216395378113,0.5144378542900085,-0.08411462604999542,0.39561358094215393,0.4775330722332001,-0.02796792984008789,0.4391748011112213,0.42163845896720886,-0.12325210869312286,0.4381411671638489,0.533612847328186,-0.09159034490585327,0.4235846996307373,0.5338806509971619,-0.04645233228802681,0.2984471917152405,0.489212304353714,-0.050571199506521225,0.35205313563346863,0.46961405873298645,-0.10565315932035446,0.368766725063324,0.5449419617652893,-0.0772491991519928,0.35854196548461914,0.5521657466888428,-0.04163718223571777
t,0.35625606775283813,0.4665835201740265,8.979120025287557e-07,0.44411638379096985,0.4539985954761505,-0.06570608168840408,0.5133228898048401,0.40823712944984436,-0.10719748586416245,0.5793300867080688,0.371796578168869,-0.1459411233663559,0.6576085090637207,0.3624756634235382,-0.18154262006282806,0.4882671535015106,0.32540464401245117,-0.06157824397087097,0.5505102276802063,0.30353057384490967,-0.13234077394008636,0.5856570601463318,0.3219943344593048,-0.18402524292469025,0.6021844148635864,0.3397279679775238,-0.21078558266162872,0.4320046007633209,0.3000408113002777,-0.06863634288311005,0.47079476714134216,0.22506923973560333,-0.11586587876081467,0.49714216589927673,0.17176614701747894,-0.1459566056728363,0.513465940952301,0.11833944916725159,-0.1634080559015274,0.36550626158714294,0.29950055480003357,-0.08764228224754333,0.36345183849334717,0.22256310284137726,-0.1448008120059967,0.36645111441612244,0.17066489160060883,-0.17770984768867493,0.36844074726104736,0.12481005489826202,-0.19204643368721008,0.2938128113746643,0.3179425895214081,-0.111881323158741,0.2570100426673889,0.2561960816383362,-0.16086964309215546,0.23140574991703033,0.212706059217453,-0.1784745156764984,0.21099820733070374,0.17212729156017303,-0.18499495089054108
u,0.39556679129600525,0.5085239410400391,1.4550761306963977e-06,0.5087817311286926,0.48370128870010376,-0.06927589327096939,0.5665238499641418,0.41802096366882324,-0.09491527825593948,0.4660753011703491,0.39120611548423767,-0.11872143298387527,0.36317405104637146,0.3971807360649109,-0.1398688554763794,0.5242065191268921,0.3235481083393097,-0.03296666219830513,0.5279902219772339,0.2491501420736313,-0.07851342111825943,0.5249490141868591,0.1962084174156189,-0.10753370076417923,0.5170337557792664,0.15195900201797485,-0.12455449253320694,0.4458889663219452,0.3232615292072296,-0.0428636409342289,0.4556554853916168,0.23267534375190735,-0.10090874135494232,0.46318113803863525,0.170775905251503,-0.1380382776260376,0.46158650517463684,0.1167701780796051,-0.15156963467597961,0.3723483383655548,0.34237349033355713,-0.0627129077911377,0.37784260511398315,0.29992836713790894,-0.16431015729904175,0.4075937569141388,0.3653050363063812,-0.18143931031227112,0.41706717014312744,0.405170202255249,-0.15838882327079773,0.3004419207572937,0.3735460340976715,-0.08622855693101883,0.3281036615371704,0.34300553798675537,-0.15958620607852936,0.3592848777770996,0.3892979025840759,-0.1525467336177826,0.36444348096847534,0.4190448820590973,-0.12790921330451965
u,0.5709812045097351,0.5674237608909607,9.45870567647944e-07,0.6743013858795166,0.5371640920639038,-0.06036563590168953,0.7165850400924683,0.46095597743988037,-0.07438811659812927,0.6561090350151062,0.4054803252220154,-0.08533932268619537,0.5801750421524048,0.37310242652893066,-0.09277043491601944,0.6736119985580444,0.38117438554763794,-0.02963104471564293,0.666273832321167,0.302112340927124,-0.062342334538698196,0.6537725329399109,0.255454421043396,-0.08262213319540024,0.6378777623176575,0.21488770842552185,-0.09616246074438095,0.5980899930000305,0.38318929076194763,-0.030937951058149338,0.5990802645683289,0.2956506311893463,-0.0744040310382843,0.5941900014877319,0.24091073870658875,-0.10191448032855988,0.5831325054168701,0.195468932390213,-0.11358784139156342,0.5291268825531006,0.4045247733592987,-0.0397135429084301,0.5151348114013672,0.3430376946926117,-0.12254416942596436,0.5469311475753784,0.39418941736221313,-0.13399431109428406,0.5649120807647705,0.43329542875289917,-0.11637536436319351,0.4651840329170227,0.43913379311561584,-0.05196641385555267,0.48232272267341614,0.40944331884384155,-0.13292381167411804,0.5211189389228821,0.4497188627719879,-0.14010435342788696,0.5416663289070129,0.4821470379829407,-0.12563787400722504
u,0.2948298454284668,0.7940961122512817,1.2386772141326219e-06,0.4204319715499878,0.7537859678268433,-0.10144402831792831,0.4799841344356537,0.6561031937599182,-0.134026899933815,0.4331493079662323,0.5541521310806274,-0.16069257259368896,0.3639814853668213,0.4693143665790558,-0.18126574158668518,0.5144184827804565,0.5160554051399231,-0.041632965207099915,0.5465608239173889,0.39067065715789795,-0.08476625382900238,0.5541938543319702,0.31141072511672974,-0.11871443688869476,0.5588163137435913,0.23931635916233063,-0.14266641438007355,0.43111473321914673,0.4893152713775635,-0.03098277561366558,0.46822312474250793,0.3493965268135071,-0.08256696909666061,0.4958876073360443,0.2576732635498047,-0.12343928962945938,0.5177140235900879,0.18282583355903625,-0.14655275642871857,0.34109005331993103,0.4978542625904083,-0.034255094826221466,0.3468993902206421,0.3909340500831604,-0.1269252896308899,0.34360888600349426,0.458300918340683,-0.15418361127376556,0.33555299043655396,0.5188406109809875,-0.14472340047359467,0.2486984133720398,0.5254049897193909,-0.04504517838358879,0.2597085237503052,0.4389447867870331,-0.12640944123268127,0.2820441424846649,0.4762822985649109,-0.14006966352462769,0.29322177171707153,0.5220996737480164,-0.13113455474376678
v,0.4827041029930115,0.507779598236084,1.2524958492576843e-06,0.5730000138282776,0.4829542636871338,-0.049127813428640366,0.6225172281265259,0.43230897188186646,-0.07171615958213806,0.5345962047576904,0.40788084268569946,-0.09522037208080292,0.4478449821472168,0.40209317207336426,-0.11694227904081345,0.6018558740615845,0.35180962085723877,-0.02485927753150463,0.6501821279525757,0.2920611500740051,-0.061855774372816086,0.6758610606193542,0.24999043345451355,-0.08690644055604935,0.6923998594284058,0.21243080496788025,-0.10312426090240479,0.5241559147834778,0.3474186956882477,-0.034188393503427505,0.5173019766807556,0.2700168490409851,-0.08291012793779373,0.5143301486968994,0.21960730850696564,-0.11651213467121124,0.5088735818862915,0.17378631234169006,-0.13215403258800507,0.4566953182220459,0.3629798889160156,-0.04946814104914665,0.46284782886505127,0.32714009284973145,-0.130035400390625,0.49018484354019165,0.38198283314704895,-0.14197735488414764,0.4971213936805725,0.41752058267593384,-0.12374304234981537,0.39689818024635315,0.3894132971763611,-0.06715061515569687,0.4177151322364807,0.36265403032302856,-0.12531238794326782,0.4429471492767334,0.3997437357902527,-0.11789023131132126,0.4488022029399872,0.42558908462524414,-0.09673401713371277
v,0.5045609474182129,0.613024115562439,1.2207669897179585e-06,0.599846601486206,0.5922012329101562,-0.059749405831098557,0.6463443636894226,0.5386115312576294,-0.08480213582515717,0.6019817590713501,0.5045584440231323,-0.11067493259906769,0.5577530860900879,0.4704255759716034,-0.13161130249500275,0.6390196084976196,0.4274310767650604,-0.026640526950359344,0.6893002986907959,0.35397130250930786,-0.0703495591878891,0.7159525156021118,0.30641987919807434,-0.09769804030656815,0.7297203540802002,0.26600778102874756,-0.11353395879268646,0.5510499477386475,0.4247426986694336,-0.03615434840321541,0.5300533771514893,0.3343304991722107,-0.09934896230697632,0.5115169286727905,0.2787066400051117,-0.14080317318439484,0.49225032329559326,0.23307877779006958,-0.15514761209487915,0.4749116897583008,0.44481122493743896,-0.05367310345172882,0.4842366576194763,0.403112530708313,-0.15947885811328888,0.5141012668609619,0.4642338454723358,-0.18462811410427094,0.5280527472496033,0.505344569683075,-0.1667274534702301,0.4135202169418335,0.48026180267333984,-0.07359561324119568,0.44819360971450806,0.4689507782459259,-0.16888751089572906,0.4845033884048462,0.5184527635574341,-0.18174946308135986,0.5048489570617676,0.5513049364089966,-0.16463525593280792
v,0.27818888425827026,0.8102359771728516,1.331021962869272e-06,0.40823179483413696,0.7575263381004333,-0.09848835319280624,0.4411342740058899,0.6522615551948547,-0.13762818276882172,0.36785241961479187,0.5507103800773621,-0.171432226896286,0.3042144775390625,0.4674440920352936,-0.19941407442092896,0.49288010597229004,0.5121133327484131,-0.06109028309583664,0.542830228805542,0.3840913474559784,-0.12745532393455505,0.5688947439193726,0.3019392490386963,-0.17296916246414185,0.5901452302932739,0.22671084105968475,-0.20041906833648682,0.3887937366962433,0.49203547835350037,-0.05260314792394638,0.39521482586860657,0.3533508777618408,-0.13190792500972748,0.38349950313568115,0.2574993968009949,-0.1823619157075882,0.375765860080719,0.1732759177684784,-0.20428213477134705,0.2896217405796051,0.5114113092422485,-0.05555522069334984,0.25175991654396057,0.4355708360671997,-0.17105884850025177,0.2552938163280487,0.5145547389984131,-0.19433748722076416,0.2649680972099304,0.5770817995071411,-0.17396867275238037,0.2013138383626938,0.5574222803115845,-0.0648665800690651,0.18778401613235474,0.5068963766098022,-0.1598319262266159,0.20888078212738037,0.5652490258216858,-0.16562025249004364,0.2307126820087433,0.6162190437316895,-0.14356975257396698
w,0.45405706763267517,0.5366417765617371,1.140810582000995e-06,0.5482901930809021,0.516586184501648,-0.06823556870222092,0.5931165814399719,0.4635763168334961,-0.09049895405769348,0.48800769448280334,0.427870512008667,-0.0990610420703888,0.3988591432571411,0.41128942370414734,-0.11052831262350082,0.5921915173530579,0.3719955384731293,-0.06146756187081337,0.6470938324928284,0.3017825186252594,-0.08707691729068756,0.6711041331291199,0.25672590732574463,-0.10696345567703247,0.6890949606895447,0.21406979858875275,-0.12270937860012054,0.5131312012672424,0.36107370257377625,-0.05747143551707268,0.5391755700111389,0.27584946155548096,-0.08831866830587387,0.5444861650466919,0.22299782931804657,-0.11533539742231369,0.5530188679695129,0.17553716897964478,-0.12897004187107086,0.44432970881462097,0.36908239126205444,-0.0587935633957386,0.44765663146972656,0.2842566967010498,-0.11597408354282379,0.4468626379966736,0.2333860546350479,-0.15592314302921295,0.4555498957633972,0.1830168217420578,-0.1758899688720703,0.3779880404472351,0.39774420857429504,-0.062172938138246536,0.3838508725166321,0.34896954894065857,-0.1182112917304039,0.38954710960388184,0.38608673214912415,-0.11980963498353958,0.4026983678340912,0.42396852374076843,-0.11241957545280457
w,0.5341370105743408,0.642225980758667,1.0865162494155811e-06,0.6183010935783386,0.6146032810211182,-0.057601816952228546,0.6467930674552917,0.5491669178009033,-0.0736362487077713,0.5534583926200867,0.500704288482666,-0.08045793324708939,0.4714401364326477,0.47228190302848816,-0.08824355155229568,0.6551929712295532,0.4514303207397461,-0.033918142318725586,0.6971304416656494,0.37373679876327515,-0.051993634551763535,0.7208040952682495,0.3256224989891052,-0.06855485588312149,0.7320039868354797,0.28232359886169434,-0.0825146958231926,0.5719577074050903,0.4448142349720001,-0.03274128586053848,0.5867775678634644,0.3601706326007843,-0.047691963613033295,0.5944453477859497,0.3114813566207886,-0.06712586432695389,0.5981625318527222,0.26979905366897583,-0.07920962572097778,0.49769964814186096,0.4581204056739807,-0.03821541741490364,0.4777255058288574,0.37951037287712097,-0.08073984086513519,0.4737432897090912,0.3314248323440552,-0.11902546882629395,0.4672712981700897,0.2878718376159668,-0.14271871745586395,0.4300500154495239,0.4872473478317261,-0.04647758603096008,0.4416799545288086,0.44940340518951416,-0.10136014968156815,0.461952805519104,0.4849265515804291,-0.11207668483257294,0.47275158762931824,0.519324779510498,-0.1123327985405922
w,0.2511984705924988,0.8377709984779358,1.3436251720122527e-06,0.37617969512939453,0.8236698508262634,-0.10621131211519241,0.4503342807292938,0.73748779296875,-0.13776792585849762,0.4204210937023163,0.6265230774879456,-0.1509593427181244,0.3770909309387207,0.5335820913314819,-0.16159047186374664,0.5365922451019287,0.6012828350067139,-0.07134898751974106,0.6281642317771912,0.49188050627708435,-0.10798610001802444,0.6804652810096741,0.42492246627807617,-0.1411915123462677,0.7272566556930542,0.3571110963821411,-0.16868549585342407,0.45099499821662903,0.5549525022506714,-0.054065052419900894,0.513103723526001,0.4244396388530731,-0.09342888742685318,0.5486159324645996,0.3398793339729309,-0.13532254099845886,0.5820027589797974,0.26505908370018005,-0.16270455718040466,0.3589527904987335,0.5459993481636047,-0.04779466986656189,0.36731576919555664,0.4162681996822357,-0.12017589807510376,0.3730945587158203,0.32902753353118896,-0.18121714890003204,0.3754313588142395,0.2535342574119568,-0.2164943516254425,0.2672123312950134,0.5684984922409058,-0.04712618514895439,0.2976696491241455,0.4884943962097168,-0.12807317078113556,0.31048867106437683,0.5237789750099182,-0.15455085039138794,0.31140458583831787,0.5643314123153687,-0.1633935272693634
